No.;time;voltage;unit;current;unit
1;0.015701;13.333;V;0;A
2;3.026403;13.333;V;0;A
3;6.021848;13.333;V;0;A
4;9.016909;13.287;V;0;A
5;12.027737;12.9;V;3;A
6;15.022995;12.798;V;3;A
7;18.017968;12.726;V;3;A
8;21.028750;12.677;V;3;A
9;24.023944;12.643;V;3;A
10;27.018884;12.622;V;3;A
11;30.029786;12.605;V;3;A
12;33.024958;12.593;V;3;A
13;36.020080;12.586;V;3;A
14;39.015154;12.583;V;3;A
15;42.041112;12.581;V;3;A
16;45.021407;12.58;V;3;A
17;48.016248;12.581;V;3;A
18;51.027445;12.582;V;3;A
19;54.022029;12.583;V;3;A
20;57.017434;12.584;V;3;A
21;60.029603;12.585;V;3;A
22;63.028163;12.587;V;3;A
23;66.022052;12.588;V;3;A
24;69.017915;12.589;V;3;A
25;72.027888;12.591;V;3;A
26;75.023795;12.592;V;3;A
27;78.018629;12.593;V;3;A
28;81.029124;12.595;V;3;A
29;84.024444;12.596;V;3;A
30;87.019665;12.597;V;3;A
31;90.031434;12.598;V;3;A
32;93.025589;12.599;V;3;A
33;96.021013;12.6;V;3;A
34;99.015780;12.601;V;3;A
35;102.027692;12.602;V;3;A
36;105.024776;12.603;V;3;A
37;108.008752;12.603;V;3;A
38;111.008873;12.604;V;3;A
39;114.037899;12.604;V;3;A
40;117.022249;12.605;V;3;A
41;120.033515;12.605;V;3;A
42;123.024303;12.605;V;3;A
43;126.018931;12.605;V;3;A
44;129.014071;12.605;V;3;A
45;132.024472;12.606;V;3;A
46;135.019511;12.606;V;3;A
47;138.014698;12.606;V;3;A
48;141.041121;12.606;V;3;A
49;144.036365;12.606;V;3;A
50;147.015917;12.605;V;3;A
51;150.042152;12.605;V;3;A
52;153.022061;12.605;V;3;A
53;156.016827;12.604;V;3;A
54;159.027790;12.604;V;3;A
55;162.022824;12.604;V;3;A
56;165.033412;12.604;V;3;A
57;168.013328;12.603;V;3;A
58;171.023897;12.603;V;3;A
59;174.019280;12.602;V;3;A
60;177.014424;12.601;V;3;A
61;180.024940;12.601;V;3;A
62;183.020843;12.601;V;3;A
63;186.015246;12.6;V;3;A
64;189.026177;12.599;V;3;A
65;192.021182;12.598;V;3;A
66;195.016218;12.597;V;3;A
67;198.026883;12.597;V;3;A
68;201.022129;12.596;V;3;A
69;204.017430;12.595;V;3;A
70;207.012374;12.594;V;3;A
71;210.023152;12.593;V;3;A
72;213.018361;12.592;V;3;A
73;216.013397;12.591;V;3;A
74;219.024510;12.59;V;3;A
75;222.019590;12.59;V;3;A
76;225.014774;12.589;V;3;A
77;228.025313;12.588;V;3;A
78;231.020253;12.586;V;3;A
79;234.015519;12.586;V;3;A
80;237.026334;12.585;V;3;A
81;240.021481;12.584;V;3;A
82;243.016453;12.583;V;3;A
83;246.011605;12.582;V;3;A
84;249.022713;12.58;V;3;A
85;252.017633;12.579;V;3;A
86;255.013121;12.579;V;3;A
87;258.023796;12.578;V;3;A
88;261.018418;12.576;V;3;A
89;264.013991;12.575;V;3;A
90;267.024885;12.574;V;3;A
91;270.020013;12.573;V;3;A
92;273.015108;12.573;V;3;A
93;276.026172;12.571;V;3;A
94;279.020793;12.571;V;3;A
95;282.015929;12.57;V;3;A
96;285.010842;12.569;V;3;A
97;288.021563;12.569;V;3;A
98;291.016859;12.567;V;3;A
99;294.012399;12.566;V;3;A
100;297.022804;12.565;V;3;A
101;300.017982;12.565;V;3;A
102;303.017341;12.564;V;3;A
103;306.025532;12.563;V;3;A
104;309.020941;12.562;V;3;A
105;312.015907;12.561;V;3;A
106;315.024838;12.561;V;3;A
107;318.019968;12.56;V;3;A
108;321.014952;12.559;V;3;A
109;324.010550;12.559;V;3;A
110;327.020831;12.558;V;3;A
111;330.016297;12.557;V;3;A
112;333.011198;12.556;V;3;A
113;336.021926;12.556;V;3;A
114;339.017091;12.555;V;3;A
115;342.027782;12.555;V;3;A
116;345.023200;12.554;V;3;A
117;348.018111;12.553;V;3;A
118;351.013674;12.553;V;3;A
119;354.039521;12.552;V;3;A
120;357.019392;12.552;V;3;A
121;360.014542;12.551;V;3;A
122;363.010549;12.551;V;3;A
123;366.020721;12.55;V;3;A
124;369.015669;12.55;V;3;A
125;372.010878;12.55;V;3;A
126;375.021329;12.549;V;3;A
127;378.016590;12.549;V;3;A
128;381.011843;12.549;V;3;A
129;384.022606;12.548;V;3;A
130;387.017410;12.548;V;3;A
131;390.012880;12.548;V;3;A
132;393.038902;12.548;V;3;A
133;396.034078;12.547;V;3;A
134;399.013939;12.547;V;3;A
135;402.029340;12.547;V;3;A
136;405.019960;12.547;V;3;A
137;408.014580;12.547;V;3;A
138;411.009812;12.546;V;3;A
139;414.020514;12.546;V;3;A
140;417.015825;12.546;V;3;A
141;420.010924;12.546;V;3;A
142;423.021740;12.545;V;3;A
143;426.016740;12.545;V;3;A
144;429.011854;12.545;V;3;A
145;432.006993;12.545;V;3;A
146;435.017773;12.545;V;3;A
147;438.013055;12.545;V;3;A
148;441.009103;12.544;V;3;A
149;444.019754;12.544;V;3;A
150;447.013836;12.544;V;3;A
151;450.009376;12.544;V;3;A
152;453.020132;12.544;V;3;A
153;456.015236;12.543;V;3;A
154;459.010638;12.543;V;3;A
155;462.021017;12.543;V;3;A
156;465.016047;12.543;V;3;A
157;468.011659;12.543;V;3;A
158;471.006674;12.543;V;3;A
159;474.017146;12.543;V;3;A
160;477.012385;12.543;V;3;A
161;480.007725;12.542;V;3;A
162;483.018427;12.542;V;3;A
163;486.013300;12.542;V;3;A
164;489.008289;12.542;V;3;A
165;492.019476;12.541;V;3;A
166;495.016364;12.541;V;3;A
167;498.009786;12.541;V;3;A
168;501.020518;12.541;V;3;A
169;504.015665;12.541;V;3;A
170;507.010371;12.541;V;3;A
171;510.005850;12.54;V;3;A
172;513.016508;12.541;V;3;A
173;516.011608;12.54;V;3;A
174;519.006937;12.54;V;3;A
175;522.017846;12.54;V;3;A
176;525.012856;12.54;V;3;A
177;528.008097;12.54;V;3;A
178;531.018811;12.54;V;3;A
179;534.013457;12.54;V;3;A
180;537.008893;12.54;V;3;A
181;540.019657;12.54;V;3;A
182;543.014965;12.539;V;3;A
183;546.009760;12.539;V;3;A
184;549.005228;12.539;V;3;A
185;552.015633;12.539;V;3;A
186;555.011276;12.539;V;3;A
187;558.006012;12.539;V;3;A
188;561.016990;12.538;V;3;A
189;564.012150;12.538;V;3;A
190;567.007044;12.538;V;3;A
191;570.017755;12.538;V;3;A
192;573.013271;12.538;V;3;A
193;576.007999;12.537;V;3;A
194;579.018741;12.538;V;3;A
195;582.013894;12.537;V;3;A
196;585.009593;12.537;V;3;A
197;588.004128;12.537;V;3;A
198;591.015056;12.537;V;3;A
199;594.009963;12.536;V;3;A
200;597.005189;12.536;V;3;A
201;600.016274;12.537;V;3;A
202;603.011313;12.536;V;3;A
203;606.006232;12.536;V;3;A
204;609.016942;12.536;V;3;A
205;612.012100;12.536;V;3;A
206;615.007295;12.536;V;3;A
207;618.018370;12.535;V;3;A
208;621.013509;12.535;V;3;A
209;624.008481;12.535;V;3;A
210;627.003376;12.535;V;3;A
211;630.015997;12.534;V;3;A
212;633.009496;12.535;V;3;A
213;636.004875;12.534;V;3;A
214;639.015466;12.535;V;3;A
215;642.010378;12.534;V;3;A
216;645.005969;12.534;V;3;A
217;648.016681;12.534;V;3;A
218;651.011412;12.533;V;3;A
219;654.006857;12.533;V;3;A
220;657.017335;12.533;V;3;A
221;660.012483;12.533;V;3;A
222;663.007860;12.533;V;3;A
223;666.002673;12.533;V;3;A
224;669.014096;12.533;V;3;A
225;672.008577;12.532;V;3;A
226;675.003927;12.532;V;3;A
227;678.014563;12.532;V;3;A
228;681.010017;12.532;V;3;A
229;684.006674;12.532;V;3;A
230;687.015509;12.531;V;3;A
231;690.011153;12.531;V;3;A
232;693.005999;12.531;V;3;A
233;696.017043;12.531;V;3;A
234;699.011969;12.531;V;3;A
235;702.007495;12.531;V;3;A
236;705.002620;12.53;V;3;A
237;708.013013;12.53;V;3;A
238;711.008953;12.53;V;3;A
239;714.003336;12.53;V;3;A
240;717.013962;12.53;V;3;A
241;720.024568;12.53;V;3;A
242;723.004460;12.53;V;3;A
243;726.014764;12.53;V;3;A
244;729.010693;12.529;V;3;A
245;732.005294;12.529;V;3;A
246;735.016025;12.529;V;3;A
247;738.011387;12.529;V;3;A
248;741.006285;12.529;V;3;A
249;744.001316;12.529;V;3;A
250;747.011997;12.528;V;3;A
251;750.007125;12.528;V;3;A
252;753.002342;12.528;V;3;A
253;756.013147;12.528;V;3;A
254;759.008589;12.527;V;3;A
255;762.003984;12.527;V;3;A
256;765.014144;12.527;V;3;A
257;768.009706;12.527;V;3;A
258;771.004538;12.527;V;3;A
259;774.015528;12.527;V;3;A
260;777.010821;12.527;V;3;A
261;780.005458;12.526;V;3;A
262;783.000784;12.526;V;3;A
263;786.011677;12.526;V;3;A
264;789.006815;12.526;V;3;A
265;792.003993;12.526;V;3;A
266;795.012502;12.526;V;3;A
267;798.007727;12.525;V;3;A
268;801.002843;12.525;V;3;A
269;804.013724;12.525;V;3;A
270;807.009065;12.525;V;3;A
271;810.004058;12.524;V;3;A
272;813.015045;12.524;V;3;A
273;816.010096;12.524;V;3;A
274;819.004989;12.524;V;3;A
275;821.999841;12.524;V;3;A
276;825.010811;12.524;V;3;A
277;828.006231;12.523;V;3;A
278;831.001336;12.523;V;3;A
279;834.012040;12.523;V;3;A
280;837.007217;12.523;V;3;A
281;840.002180;12.523;V;3;A
282;843.013168;12.523;V;3;A
283;846.008523;12.522;V;3;A
284;849.003196;12.523;V;3;A
285;852.013865;12.522;V;3;A
286;855.009531;12.522;V;3;A
287;858.004279;12.522;V;3;A
288;860.999181;12.521;V;3;A
289;864.010357;12.521;V;3;A
290;867.005347;12.521;V;3;A
291;870.000266;12.521;V;3;A
292;873.011394;12.521;V;3;A
293;876.006049;12.521;V;3;A
294;879.001301;12.52;V;3;A
295;882.012164;12.52;V;3;A
296;885.007107;12.52;V;3;A
297;888.002286;12.52;V;3;A
298;891.013116;12.52;V;3;A
299;894.008230;12.52;V;3;A
300;897.003345;12.519;V;3;A
301;899.998420;12.519;V;3;A
302;903.009677;12.519;V;3;A
303;906.004546;12.519;V;3;A
304;908.999941;12.518;V;3;A
305;912.010621;12.519;V;3;A
306;915.006175;12.518;V;3;A
307;918.000779;12.518;V;3;A
308;921.011511;12.518;V;3;A
309;924.006683;12.518;V;3;A
310;927.001671;12.518;V;3;A
311;930.012866;12.517;V;3;A
312;933.007719;12.517;V;3;A
313;936.002789;12.517;V;3;A
314;938.998198;12.517;V;3;A
315;942.008460;12.516;V;3;A
316;945.003817;12.517;V;3;A
317;947.998820;12.517;V;3;A
318;951.009923;12.517;V;3;A
319;954.005133;12.516;V;3;A
320;957.000202;12.516;V;3;A
321;960.010646;12.515;V;3;A
322;963.006114;12.515;V;3;A
323;966.001269;12.515;V;3;A
324;969.011783;12.515;V;3;A
325;972.007122;12.515;V;3;A
326;975.001937;12.515;V;3;A
327;977.997188;12.514;V;3;A
328;981.007812;12.514;V;3;A
329;984.003221;12.514;V;3;A
330;986.998398;12.514;V;3;A
331;990.009216;12.514;V;3;A
332;993.004305;12.514;V;3;A
333;995.999463;12.514;V;3;A
334;999.010237;12.514;V;3;A
335;1002.005389;12.513;V;3;A
336;1005.000331;12.513;V;3;A
337;1008.011924;12.513;V;3;A
338;1011.006433;12.513;V;3;A
339;1014.001212;12.512;V;3;A
340;1016.996306;12.512;V;3;A
341;1020.007292;12.512;V;3;A
342;1023.002440;12.512;V;3;A
343;1025.997388;12.512;V;3;A
344;1029.008309;12.512;V;3;A
345;1032.003287;12.512;V;3;A
346;1034.999263;12.511;V;3;A
347;1038.009217;12.511;V;3;A
348;1041.004551;12.511;V;3;A
349;1043.999622;12.51;V;3;A
350;1047.010604;12.51;V;3;A
351;1050.005836;12.51;V;3;A
352;1053.000463;12.51;V;3;A
353;1055.995650;12.51;V;3;A
354;1059.007002;12.51;V;3;A
355;1062.002018;12.51;V;3;A
356;1064.996698;12.509;V;3;A
357;1068.008280;12.51;V;3;A
358;1071.002807;12.509;V;3;A
359;1073.997954;12.509;V;3;A
360;1077.008849;12.509;V;3;A
361;1080.003824;12.509;V;3;A
362;1082.999101;12.508;V;3;A
363;1086.010051;12.508;V;3;A
364;1089.005032;12.508;V;3;A
365;1092.000652;12.508;V;3;A
366;1094.995343;12.508;V;3;A
367;1098.006232;12.508;V;3;A
368;1101.004151;12.507;V;3;A
369;1103.999191;12.507;V;3;A
370;1106.994273;12.507;V;3;A
371;1110.005106;12.507;V;3;A
372;1113.000054;12.507;V;3;A
373;1115.994997;12.506;V;3;A
374;1119.006130;12.506;V;3;A
375;1122.001204;12.506;V;3;A
376;1124.996478;12.506;V;3;A
377;1128.006839;12.506;V;3;A
378;1131.005802;12.505;V;3;A
379;1133.997404;12.505;V;3;A
380;1137.008318;12.505;V;3;A
381;1140.003375;12.505;V;3;A
382;1142.998400;12.504;V;3;A
383;1145.993731;12.504;V;3;A
384;1149.004502;12.504;V;3;A
385;1151.999486;12.504;V;3;A
386;1154.994642;12.504;V;3;A
387;1158.005475;12.503;V;3;A
388;1161.000538;12.503;V;3;A
389;1163.995821;12.503;V;3;A
390;1167.005972;12.503;V;3;A
391;1170.001560;12.503;V;3;A
392;1172.996626;12.503;V;3;A
393;1176.007530;12.503;V;3;A
394;1179.002360;12.502;V;3;A
395;1181.997734;12.502;V;3;A
396;1184.992885;12.502;V;3;A
397;1188.003996;12.502;V;3;A
398;1190.998996;12.502;V;3;A
399;1193.993471;12.502;V;3;A
400;1197.004275;12.501;V;3;A
401;1200.007508;12.501;V;3;A
402;1203.011787;12.501;V;3;A
403;1205.998262;12.501;V;3;A
404;1208.993049;12.5;V;3;A
405;1212.003714;12.501;V;3;A
406;1214.998503;12.5;V;3;A
407;1218.004879;12.5;V;3;A
408;1220.999588;12.5;V;3;A
409;1223.994544;12.5;V;3;A
410;1227.005051;12.5;V;3;A
411;1230.000639;12.499;V;3;A
412;1232.995884;12.499;V;3;A
413;1236.006780;12.499;V;3;A
414;1239.001359;12.499;V;3;A
415;1241.996535;12.498;V;3;A
416;1244.991734;12.499;V;3;A
417;1248.002747;12.498;V;3;A
418;1250.997921;12.498;V;3;A
419;1253.992926;12.498;V;3;A
420;1257.003965;12.497;V;3;A
421;1259.998793;12.497;V;3;A
422;1262.994056;12.497;V;3;A
423;1266.005682;12.497;V;3;A
424;1269.001417;12.496;V;3;A
425;1271.995921;12.497;V;3;A
426;1275.005500;12.497;V;3;A
427;1278.000770;12.496;V;3;A
428;1280.996196;12.496;V;3;A
429;1283.991419;12.496;V;3;A
430;1287.001896;12.496;V;3;A
431;1289.997218;12.495;V;3;A
432;1292.992325;12.495;V;3;A
433;1296.003232;12.495;V;3;A
434;1298.998277;12.495;V;3;A
435;1301.993094;12.494;V;3;A
436;1305.005557;12.494;V;3;A
437;1307.999000;12.494;V;3;A
438;1310.994399;12.494;V;3;A
439;1314.004670;12.494;V;3;A
440;1317.000052;12.493;V;3;A
441;1319.995201;12.493;V;3;A
442;1322.990573;12.493;V;3;A
443;1326.001160;12.493;V;3;A
444;1328.996680;12.493;V;3;A
445;1331.991649;12.492;V;3;A
446;1335.002296;12.493;V;3;A
447;1337.997668;12.492;V;3;A
448;1340.992366;12.492;V;3;A
449;1344.003472;12.492;V;3;A
450;1346.998612;12.492;V;3;A
451;1349.993683;12.491;V;3;A
452;1353.004595;12.491;V;3;A
453;1355.999572;12.491;V;3;A
454;1358.994790;12.491;V;3;A
455;1361.990321;12.491;V;3;A
456;1365.000372;12.49;V;3;A
457;1367.995752;12.49;V;3;A
458;1370.990513;12.49;V;3;A
459;1374.001705;12.49;V;3;A
460;1376.997608;12.49;V;3;A
461;1379.992008;12.489;V;3;A
462;1383.002687;12.489;V;3;A
463;1385.998057;12.489;V;3;A
464;1388.993040;12.489;V;3;A
465;1392.004167;12.489;V;3;A
466;1394.998574;12.489;V;3;A
467;1397.994049;12.488;V;3;A
468;1400.989161;12.488;V;3;A
469;1404.000057;12.488;V;3;A
470;1406.995049;12.488;V;3;A
471;1409.989802;12.487;V;3;A
472;1413.000995;12.487;V;3;A
473;1415.996148;12.487;V;3;A
474;1418.991263;12.487;V;3;A
475;1422.002300;12.487;V;3;A
476;1424.996841;12.486;V;3;A
477;1427.992152;12.486;V;3;A
478;1430.987059;12.486;V;3;A
479;1433.997809;12.486;V;3;A
480;1436.993167;12.485;V;3;A
481;1439.988076;12.485;V;3;A
482;1443.000349;12.485;V;3;A
483;1445.994180;12.485;V;3;A
484;1448.989520;12.485;V;3;A
485;1452.000223;12.484;V;3;A
486;1454.995378;12.484;V;3;A
487;1457.990374;12.484;V;3;A
488;1461.000795;12.484;V;3;A
489;1463.996412;12.484;V;3;A
490;1466.991561;12.483;V;3;A
491;1469.986824;12.483;V;3;A
492;1472.997433;12.483;V;3;A
493;1475.992634;12.483;V;3;A
494;1478.987716;12.482;V;3;A
495;1481.998279;12.482;V;3;A
496;1484.993482;12.482;V;3;A
497;1487.988322;12.482;V;3;A
498;1490.999555;12.482;V;3;A
499;1493.994255;12.481;V;3;A
500;1496.989520;12.481;V;3;A
501;1500.000331;12.481;V;3;A
502;1502.995918;12.481;V;3;A
503;1505.990569;12.481;V;3;A
504;1508.986068;12.48;V;3;A
505;1511.998507;12.48;V;3;A
506;1514.992590;12.48;V;3;A
507;1517.987120;12.48;V;3;A
508;1520.997401;12.48;V;3;A
509;1523.992460;12.48;V;3;A
510;1526.987676;12.479;V;3;A
511;1529.998656;12.479;V;3;A
512;1532.994274;12.479;V;3;A
513;1535.988751;12.479;V;3;A
514;1538.995290;12.478;V;3;A
515;1541.990722;12.478;V;3;A
516;1544.985594;12.478;V;3;A
517;1547.996459;12.478;V;3;A
518;1550.991597;12.478;V;3;A
519;1553.988076;12.477;V;3;A
520;1556.998548;12.477;V;3;A
521;1559.993658;12.477;V;3;A
522;1562.988803;12.477;V;3;A
523;1565.999979;12.476;V;3;A
524;1568.994991;12.476;V;3;A
525;1571.989703;12.476;V;3;A
526;1574.985099;12.476;V;3;A
527;1577.995719;12.475;V;3;A
528;1580.990845;12.476;V;3;A
529;1583.985827;12.475;V;3;A
530;1586.996814;12.475;V;3;A
531;1589.991856;12.475;V;3;A
532;1592.987103;12.475;V;3;A
533;1595.997784;12.474;V;3;A
534;1598.992935;12.474;V;3;A
535;1601.988210;12.474;V;3;A
536;1604.999020;12.474;V;3;A
537;1607.994032;12.473;V;3;A
538;1610.989113;12.473;V;3;A
539;1613.984436;12.473;V;3;A
540;1616.994934;12.473;V;3;A
541;1620.010148;12.472;V;3;A
542;1622.985583;12.472;V;3;A
543;1625.996241;12.472;V;3;A
544;1628.991219;12.472;V;3;A
545;1631.986519;12.471;V;3;A
546;1634.983764;12.471;V;3;A
547;1637.994411;12.471;V;3;A
548;1640.989240;12.471;V;3;A
549;1643.984744;12.471;V;3;A
550;1646.995263;12.47;V;3;A
551;1650.005855;12.47;V;3;A
552;1652.985968;12.47;V;3;A
553;1655.996624;12.47;V;3;A
554;1658.991306;12.47;V;3;A
555;1661.986405;12.47;V;3;A
556;1664.997109;12.469;V;3;A
557;1667.992688;12.469;V;3;A
558;1670.987779;12.469;V;3;A
559;1673.982996;12.469;V;3;A
560;1676.993502;12.469;V;3;A
561;1679.988955;12.469;V;3;A
562;1682.984830;12.468;V;3;A
563;1685.995545;12.468;V;3;A
564;1688.990713;12.468;V;3;A
565;1691.985840;12.467;V;3;A
566;1694.996683;12.467;V;3;A
567;1697.992189;12.467;V;3;A
568;1700.986859;12.467;V;3;A
569;1703.982284;12.467;V;3;A
570;1706.992728;12.466;V;3;A
571;1709.988205;12.466;V;3;A
572;1712.983253;12.466;V;3;A
573;1715.994270;12.466;V;3;A
574;1718.988897;12.466;V;3;A
575;1721.984261;12.466;V;3;A
576;1724.994678;12.465;V;3;A
577;1727.989766;12.465;V;3;A
578;1730.985088;12.465;V;3;A
579;1733.995915;12.464;V;3;A
580;1736.991008;12.464;V;3;A
581;1739.986234;12.464;V;3;A
582;1742.981800;12.464;V;3;A
583;1745.993431;12.464;V;3;A
584;1748.989381;12.463;V;3;A
585;1751.984030;12.463;V;3;A
586;1754.993413;12.463;V;3;A
587;1757.988144;12.463;V;3;A
588;1761.030161;12.462;V;3;A
589;1763.994114;12.462;V;3;A
590;1766.989473;12.462;V;3;A
591;1769.999864;12.462;V;3;A
592;1772.995212;12.462;V;3;A
593;1775.990738;12.461;V;3;A
594;1778.985965;12.461;V;3;A
595;1781.981005;12.461;V;3;A
596;1784.991181;12.461;V;3;A
597;1787.986249;12.46;V;3;A
598;1790.981469;12.461;V;3;A
599;1793.992619;12.46;V;3;A
600;1796.987344;12.46;V;3;A
601;1799.982877;12.459;V;3;A
602;1802.993594;12.459;V;3;A
603;1805.988894;12.459;V;3;A
604;1808.984114;12.459;V;3;A
605;1811.994459;12.458;V;3;A
606;1814.989527;12.458;V;3;A
607;1817.984794;12.458;V;3;A
608;1820.979867;12.458;V;3;A
609;1823.990571;12.458;V;3;A
610;1827.001154;12.457;V;3;A
611;1829.986784;12.457;V;3;A
612;1832.991595;12.457;V;3;A
613;1835.986583;12.456;V;3;A
614;1838.982035;12.456;V;3;A
615;1841.992535;12.456;V;3;A
616;1844.987802;12.456;V;3;A
617;1847.983129;12.456;V;3;A
618;1850.993804;12.455;V;3;A
619;1853.988810;12.455;V;3;A
620;1856.983971;12.455;V;3;A
621;1859.979043;12.455;V;3;A
622;1862.989932;12.454;V;3;A
623;1865.985082;12.454;V;3;A
624;1868.979982;12.454;V;3;A
625;1871.990859;12.454;V;3;A
626;1874.986198;12.453;V;3;A
627;1877.981117;12.453;V;3;A
628;1880.991981;12.453;V;3;A
629;1883.986972;12.453;V;3;A
630;1886.982364;12.453;V;3;A
631;1889.992827;12.453;V;3;A
632;1892.988162;12.452;V;3;A
633;1895.983387;12.452;V;3;A
634;1898.978309;12.452;V;3;A
635;1901.989428;12.451;V;3;A
636;1904.984364;12.451;V;3;A
637;1907.979267;12.451;V;3;A
638;1910.990216;12.451;V;3;A
639;1913.985575;12.451;V;3;A
640;1916.980512;12.45;V;3;A
641;1919.991112;12.45;V;3;A
642;1922.986611;12.45;V;3;A
643;1925.981479;12.449;V;3;A
644;1928.992354;12.449;V;3;A
645;1931.987678;12.449;V;3;A
646;1934.982443;12.449;V;3;A
647;1937.977623;12.448;V;3;A
648;1940.988380;12.448;V;3;A
649;1943.983868;12.448;V;3;A
650;1946.978966;12.448;V;3;A
651;1950.005032;12.447;V;3;A
652;1952.984511;12.447;V;3;A
653;1955.979681;12.447;V;3;A
654;1958.990668;12.447;V;3;A
655;1961.985758;12.447;V;3;A
656;1964.980879;12.446;V;3;A
657;1967.991542;12.446;V;3;A
658;1970.986571;12.446;V;3;A
659;1973.982055;12.446;V;3;A
660;1976.976857;12.446;V;3;A
661;1979.987591;12.445;V;3;A
662;1982.982942;12.445;V;3;A
663;1985.977978;12.445;V;3;A
664;1988.989170;12.444;V;3;A
665;1991.983746;12.444;V;3;A
666;1994.979137;12.444;V;3;A
667;1997.989980;12.444;V;3;A
668;2000.984962;12.444;V;3;A
669;2003.980013;12.443;V;3;A
670;2006.990844;12.443;V;3;A
671;2009.986093;12.443;V;3;A
672;2012.981293;12.443;V;3;A
673;2015.976468;12.442;V;3;A
674;2018.986929;12.442;V;3;A
675;2021.984859;12.442;V;3;A
676;2024.992895;12.442;V;3;A
677;2027.988357;12.441;V;3;A
678;2030.983472;12.441;V;3;A
679;2033.978346;12.441;V;3;A
680;2036.989242;12.441;V;3;A
681;2039.984583;12.441;V;3;A
682;2042.984189;12.44;V;3;A
683;2045.990058;12.44;V;3;A
684;2049.000777;12.44;V;3;A
685;2051.980326;12.44;V;3;A
686;2054.975652;12.439;V;3;A
687;2057.986404;12.439;V;3;A
688;2060.981799;12.439;V;3;A
689;2063.977002;12.438;V;3;A
690;2066.987417;12.438;V;3;A
691;2069.983043;12.438;V;3;A
692;2072.977790;12.437;V;3;A
693;2075.988684;12.437;V;3;A
694;2078.983568;12.437;V;3;A
695;2081.978915;12.437;V;3;A
696;2084.989485;12.436;V;3;A
697;2087.984714;12.436;V;3;A
698;2090.979829;12.436;V;3;A
699;2093.974675;12.436;V;3;A
700;2096.985648;12.436;V;3;A
701;2099.997662;12.436;V;3;A
702;2102.976599;12.435;V;3;A
703;2105.986595;12.435;V;3;A
704;2108.981736;12.435;V;3;A
705;2111.977192;12.435;V;3;A
706;2114.987526;12.434;V;3;A
707;2117.982786;12.434;V;3;A
708;2120.978169;12.434;V;3;A
709;2123.988577;12.433;V;3;A
710;2126.983722;12.433;V;3;A
711;2129.978875;12.433;V;3;A
712;2132.974094;12.433;V;3;A
713;2136.000372;12.433;V;3;A
714;2138.980186;12.432;V;3;A
715;2141.968736;12.432;V;3;A
716;2144.974087;12.432;V;3;A
717;2147.984517;12.432;V;3;A
718;2150.979613;12.431;V;3;A
719;2153.975117;12.431;V;3;A
720;2156.985782;12.431;V;3;A
721;2159.981055;12.431;V;3;A
722;2162.975723;12.431;V;3;A
723;2165.986513;12.43;V;3;A
724;2168.981952;12.43;V;3;A
725;2171.976869;12.43;V;3;A
726;2174.987909;12.429;V;3;A
727;2177.982793;12.429;V;3;A
728;2180.978062;12.429;V;3;A
729;2183.973732;12.429;V;3;A
730;2186.983951;12.429;V;3;A
731;2189.979099;12.428;V;3;A
732;2192.974456;12.428;V;3;A
733;2195.984956;12.427;V;3;A
734;2198.980061;12.427;V;3;A
735;2201.975241;12.427;V;3;A
736;2204.985964;12.426;V;3;A
737;2207.981110;12.427;V;3;A
738;2210.976516;12.426;V;3;A
739;2213.987354;12.426;V;3;A
740;2216.982348;12.426;V;3;A
741;2219.977431;12.425;V;3;A
742;2222.972710;12.425;V;3;A
743;2225.983580;12.425;V;3;A
744;2228.978663;12.424;V;3;A
745;2231.973662;12.424;V;3;A
746;2234.984834;12.424;V;3;A
747;2237.979283;12.424;V;3;A
748;2240.974610;12.424;V;3;A
749;2243.985284;12.423;V;3;A
750;2246.980207;12.423;V;3;A
751;2249.976063;12.423;V;3;A
752;2252.986324;12.423;V;3;A
753;2255.981690;12.422;V;3;A
754;2258.976413;12.422;V;3;A
755;2261.971997;12.422;V;3;A
756;2264.983627;12.421;V;3;A
757;2267.977882;12.421;V;3;A
758;2270.973311;12.421;V;3;A
759;2273.983588;12.421;V;3;A
760;2276.979293;12.421;V;3;A
761;2279.974140;12.42;V;3;A
762;2282.984575;12.42;V;3;A
763;2285.980383;12.42;V;3;A
764;2288.974879;12.42;V;3;A
765;2291.969860;12.419;V;3;A
766;2294.980711;12.419;V;3;A
767;2297.975826;12.419;V;3;A
768;2300.970926;12.419;V;3;A
769;2303.981680;12.418;V;3;A
770;2306.976877;12.418;V;3;A
771;2309.971866;12.418;V;3;A
772;2312.983151;12.417;V;3;A
773;2315.978153;12.417;V;3;A
774;2318.972997;12.417;V;3;A
775;2321.983764;12.417;V;3;A
776;2324.978966;12.416;V;3;A
777;2327.974401;12.416;V;3;A
778;2330.969194;12.416;V;3;A
779;2333.980459;12.415;V;3;A
780;2336.975048;12.415;V;3;A
781;2339.970108;12.415;V;3;A
782;2342.981106;12.415;V;3;A
783;2345.976195;12.415;V;3;A
784;2348.971242;12.414;V;3;A
785;2351.982014;12.414;V;3;A
786;2354.977463;12.414;V;3;A
787;2357.972386;12.413;V;3;A
788;2360.983580;12.413;V;3;A
789;2363.978556;12.413;V;3;A
790;2366.973994;12.413;V;3;A
791;2369.970527;12.412;V;3;A
792;2372.979262;12.412;V;3;A
793;2375.974507;12.412;V;3;A
794;2378.969502;12.411;V;3;A
795;2381.980407;12.411;V;3;A
796;2384.976119;12.411;V;3;A
797;2387.970660;12.41;V;3;A
798;2390.981651;12.411;V;3;A
799;2393.976801;12.411;V;3;A
800;2396.971519;12.41;V;3;A
801;2399.982694;12.41;V;3;A
802;2402.993849;12.409;V;3;A
803;2405.972526;12.41;V;3;A
804;2408.968319;12.409;V;3;A
805;2411.978907;12.409;V;3;A
806;2414.973785;12.408;V;3;A
807;2417.968803;12.408;V;3;A
808;2420.980579;12.408;V;3;A
809;2423.974883;12.408;V;3;A
810;2426.972255;12.407;V;3;A
811;2429.967361;12.407;V;3;A
812;2432.978599;12.407;V;3;A
813;2435.973993;12.407;V;3;A
814;2438.968288;12.406;V;3;A
815;2441.979565;12.406;V;3;A
816;2444.974654;12.406;V;3;A
817;2447.969488;12.406;V;3;A
818;2450.980605;12.405;V;3;A
819;2453.975686;12.405;V;3;A
820;2456.981011;12.405;V;3;A
821;2459.976408;12.404;V;3;A
822;2462.971373;12.404;V;3;A
823;2465.981913;12.404;V;3;A
824;2468.977607;12.404;V;3;A
825;2471.972130;12.404;V;3;A
826;2474.967654;12.403;V;3;A
827;2477.978225;12.403;V;3;A
828;2480.973329;12.403;V;3;A
829;2483.968367;12.402;V;3;A
830;2486.979366;12.402;V;3;A
831;2489.974642;12.402;V;3;A
832;2492.969620;12.402;V;3;A
833;2495.980273;12.401;V;3;A
834;2498.975515;12.401;V;3;A
835;2501.970731;12.401;V;3;A
836;2504.981532;12.401;V;3;A
837;2507.976499;12.4;V;3;A
838;2510.971574;12.4;V;3;A
839;2513.999728;12.4;V;3;A
840;2516.977798;12.4;V;3;A
841;2519.974176;12.4;V;3;A
842;2522.968567;12.399;V;3;A
843;2525.978784;12.399;V;3;A
844;2528.974027;12.398;V;3;A
845;2531.969256;12.398;V;3;A
846;2534.979426;12.398;V;3;A
847;2537.974745;12.397;V;3;A
848;2540.970079;12.397;V;3;A
849;2543.964864;12.397;V;3;A
850;2546.976001;12.397;V;3;A
851;2549.970713;12.396;V;3;A
852;2552.966020;12.396;V;3;A
853;2555.976758;12.396;V;3;A
854;2558.971736;12.396;V;3;A
855;2561.967712;12.395;V;3;A
856;2564.977861;12.395;V;3;A
857;2567.973235;12.395;V;3;A
858;2570.968107;12.395;V;3;A
859;2573.979108;12.394;V;3;A
860;2576.974241;12.394;V;3;A
861;2579.970876;12.393;V;3;A
862;2582.964518;12.393;V;3;A
863;2585.975365;12.393;V;3;A
864;2588.970434;12.393;V;3;A
865;2591.965186;12.392;V;3;A
866;2594.975866;12.392;V;3;A
867;2597.971269;12.392;V;3;A
868;2600.966723;12.392;V;3;A
869;2603.977524;12.391;V;3;A
870;2606.972374;12.391;V;3;A
871;2609.967643;12.391;V;3;A
872;2612.978411;12.391;V;3;A
873;2615.973313;12.39;V;3;A
874;2618.968257;12.39;V;3;A
875;2621.963531;12.39;V;3;A
876;2624.974353;12.389;V;3;A
877;2627.969624;12.389;V;3;A
878;2630.972678;12.389;V;3;A
879;2633.968028;12.389;V;3;A
880;2636.978816;12.389;V;3;A
881;2639.973865;12.388;V;3;A
882;2642.968934;12.388;V;3;A
883;2645.964354;12.388;V;3;A
884;2648.974604;12.387;V;3;A
885;2651.970009;12.387;V;3;A
886;2654.964872;12.387;V;3;A
887;2657.975988;12.386;V;3;A
888;2660.971128;12.386;V;3;A
889;2663.966091;12.386;V;3;A
890;2666.976897;12.386;V;3;A
891;2669.972132;12.386;V;3;A
892;2672.967283;12.385;V;3;A
893;2675.978064;12.385;V;3;A
894;2678.972996;12.385;V;3;A
895;2681.968093;12.384;V;3;A
896;2684.963126;12.384;V;3;A
897;2687.974238;12.384;V;3;A
898;2690.969382;12.383;V;3;A
899;2693.964496;12.383;V;3;A
900;2696.975087;12.383;V;3;A
901;2699.970435;12.383;V;3;A
902;2702.965284;12.382;V;3;A
903;2705.975861;12.382;V;3;A
904;2708.972156;12.382;V;3;A
905;2711.967948;12.381;V;3;A
906;2714.977340;12.381;V;3;A
907;2717.972495;12.381;V;3;A
908;2720.967734;12.381;V;3;A
909;2723.962406;12.38;V;3;A
910;2726.973229;12.38;V;3;A
911;2729.968642;12.38;V;3;A
912;2732.963791;12.379;V;3;A
913;2735.974613;12.379;V;3;A
914;2738.969471;12.378;V;3;A
915;2741.964877;12.378;V;3;A
916;2744.975649;12.378;V;3;A
917;2747.970676;12.378;V;3;A
918;2750.965894;12.378;V;3;A
919;2753.960681;12.377;V;3;A
920;2756.971553;12.377;V;3;A
921;2759.966841;12.377;V;3;A
922;2762.962283;12.376;V;3;A
923;2765.972792;12.376;V;3;A
924;2768.968381;12.376;V;3;A
925;2771.963666;12.376;V;3;A
926;2774.962820;12.375;V;3;A
927;2777.989271;12.375;V;3;A
928;2780.969149;12.375;V;3;A
929;2783.964288;12.374;V;3;A
930;2786.975004;12.374;V;3;A
931;2789.969989;12.374;V;3;A
932;2792.965076;12.373;V;3;A
933;2795.960077;12.373;V;3;A
934;2798.971060;12.373;V;3;A
935;2801.966332;12.372;V;3;A
936;2804.961153;12.373;V;3;A
937;2807.972577;12.372;V;3;A
938;2810.967163;12.372;V;3;A
939;2813.962193;12.371;V;3;A
940;2816.973330;12.371;V;3;A
941;2819.968381;12.371;V;3;A
942;2822.963232;12.37;V;3;A
943;2825.974307;12.37;V;3;A
944;2828.969251;12.37;V;3;A
945;2831.964607;12.37;V;3;A
946;2834.959458;12.369;V;3;A
947;2837.985759;12.369;V;3;A
948;2840.965693;12.37;V;3;A
949;2843.960471;12.369;V;3;A
950;2846.971687;12.369;V;3;A
951;2849.966466;12.368;V;3;A
952;2852.961724;12.368;V;3;A
953;2855.972455;12.368;V;3;A
954;2858.967729;12.367;V;3;A
955;2861.962632;12.367;V;3;A
956;2864.973224;12.367;V;3;A
957;2867.968769;12.366;V;3;A
958;2870.963669;12.366;V;3;A
959;2873.962230;12.366;V;3;A
960;2876.969571;12.366;V;3;A
961;2879.964557;12.365;V;3;A
962;2882.960479;12.365;V;3;A
963;2885.970814;12.365;V;3;A
964;2888.965726;12.365;V;3;A
965;2891.960652;12.364;V;3;A
966;2894.971637;12.364;V;3;A
967;2897.966822;12.364;V;3;A
968;2900.962007;12.364;V;3;A
969;2903.972689;12.363;V;3;A
970;2906.967933;12.363;V;3;A
971;2909.963102;12.363;V;3;A
972;2912.959656;12.362;V;3;A
973;2915.969074;12.362;V;3;A
974;2918.965205;12.362;V;3;A
975;2921.960441;12.361;V;3;A
976;2924.970904;12.361;V;3;A
977;2927.966294;12.361;V;3;A
978;2930.961207;12.361;V;3;A
979;2933.972134;12.36;V;3;A
980;2936.966846;12.36;V;3;A
981;2939.962686;12.36;V;3;A
982;2942.957175;12.359;V;3;A
983;2945.968359;12.359;V;3;A
984;2948.963505;12.359;V;3;A
985;2951.958211;12.358;V;3;A
986;2954.969144;12.358;V;3;A
987;2957.964459;12.358;V;3;A
988;2960.959653;12.357;V;3;A
989;2963.969949;12.357;V;3;A
990;2966.965376;12.357;V;3;A
991;2969.960482;12.357;V;3;A
992;2972.971236;12.356;V;3;A
993;2975.981833;12.356;V;3;A
994;2978.961315;12.356;V;3;A
995;2981.956904;12.355;V;3;A
996;2984.967809;12.355;V;3;A
997;2987.962663;12.355;V;3;A
998;2990.957558;12.354;V;3;A
999;2993.969692;12.354;V;3;A
1000;2996.963487;12.354;V;3;A
1001;2999.960792;12.354;V;3;A
1002;3002.972588;12.353;V;3;A
1003;3005.964389;12.353;V;3;A
1004;3008.959583;12.353;V;3;A
1005;3011.970335;12.352;V;3;A
1006;3014.965447;12.352;V;3;A
1007;3017.960681;12.352;V;3;A
1008;3020.956670;12.352;V;3;A
1009;3023.966668;12.351;V;3;A
1010;3026.965003;12.35;V;3;A
1011;3029.956784;12.35;V;3;A
1012;3032.967582;12.35;V;3;A
1013;3035.963034;12.35;V;3;A
1014;3038.958137;12.35;V;3;A
1015;3041.968965;12.349;V;3;A
1016;3044.963938;12.349;V;3;A
1017;3047.959074;12.349;V;3;A
1018;3050.970214;12.348;V;3;A
1019;3053.970231;12.348;V;3;A
1020;3056.960022;12.348;V;3;A
1021;3059.955243;12.347;V;3;A
1022;3062.965987;12.347;V;3;A
1023;3065.961375;12.347;V;3;A
1024;3068.956154;12.346;V;3;A
1025;3071.966803;12.346;V;3;A
1026;3074.962171;12.346;V;3;A
1027;3077.957484;12.346;V;3;A
1028;3080.968323;12.345;V;3;A
1029;3083.963446;12.345;V;3;A
1030;3086.958317;12.345;V;3;A
1031;3089.969296;12.344;V;3;A
1032;3092.964049;12.344;V;3;A
1033;3095.959230;12.344;V;3;A
1034;3098.954728;12.344;V;3;A
1035;3101.965318;12.343;V;3;A
1036;3104.960433;12.343;V;3;A
1037;3107.955766;12.343;V;3;A
1038;3110.966566;12.342;V;3;A
1039;3113.961394;12.342;V;3;A
1040;3116.956841;12.342;V;3;A
1041;3119.967386;12.341;V;3;A
1042;3122.962714;12.341;V;3;A
1043;3125.957753;12.34;V;3;A
1044;3128.968354;12.34;V;3;A
1045;3131.963293;12.34;V;3;A
1046;3134.958533;12.34;V;3;A
1047;3137.953690;12.34;V;3;A
1048;3140.964550;12.339;V;3;A
1049;3143.959993;12.339;V;3;A
1050;3146.955128;12.339;V;3;A
1051;3149.965522;12.338;V;3;A
1052;3152.960540;12.338;V;3;A
1053;3155.955876;12.337;V;3;A
1054;3158.949022;12.337;V;3;A
1055;3161.947010;12.336;V;3;A
1056;3164.947054;12.337;V;3;A
1057;3167.948184;12.336;V;3;A
1058;3170.946781;12.336;V;3;A
1059;3173.963377;12.336;V;3;A
1060;3176.952202;12.336;V;3;A
1061;3179.949655;12.335;V;3;A
1062;3182.947243;12.335;V;3;A
1063;3185.955141;12.334;V;3;A
1064;3188.954215;12.334;V;3;A
1065;3191.954511;12.334;V;3;A
1066;3194.954052;12.333;V;3;A
1067;3197.946964;12.333;V;3;A
1068;3200.947003;12.333;V;3;A
1069;3203.946201;12.333;V;3;A
1070;3206.946341;12.333;V;3;A
1071;3209.946482;12.332;V;3;A
1072;3212.946474;12.332;V;3;A
1073;3215.946702;12.331;V;3;A
1074;3218.953634;12.331;V;3;A
1075;3221.945713;12.331;V;3;A
1076;3224.945945;12.331;V;3;A
1077;3227.955082;12.33;V;3;A
1078;3230.945915;12.33;V;3;A
1079;3233.945984;12.329;V;3;A
1080;3236.953261;12.329;V;3;A
1081;3239.945956;12.329;V;3;A
1082;3242.945365;12.329;V;3;A
1083;3245.945425;12.328;V;3;A
1084;3248.953514;12.328;V;3;A
1085;3251.945699;12.328;V;3;A
1086;3254.945732;12.327;V;3;A
1087;3257.945919;12.327;V;3;A
1088;3260.945222;12.327;V;3;A
1089;3263.946035;12.326;V;3;A
1090;3266.946025;12.326;V;3;A
1091;3269.946482;12.326;V;3;A
1092;3272.947057;12.326;V;3;A
1093;3275.945868;12.325;V;3;A
1094;3278.945725;12.325;V;3;A
1095;3281.953722;12.324;V;3;A
1096;3284.964682;12.324;V;3;A
1097;3287.959634;12.323;V;3;A
1098;3290.954702;12.324;V;3;A
1099;3293.949878;12.323;V;3;A
1100;3296.961776;12.323;V;3;A
1101;3299.956814;12.322;V;3;A
1102;3302.952274;12.322;V;3;A
1103;3305.963102;12.322;V;3;A
1104;3308.958165;12.322;V;3;A
1105;3311.953314;12.321;V;3;A
1106;3314.963837;12.321;V;3;A
1107;3317.958882;12.32;V;3;A
1108;3320.954106;12.32;V;3;A
1109;3323.964885;12.32;V;3;A
1110;3326.960017;12.32;V;3;A
1111;3329.955255;12.319;V;3;A
1112;3332.950609;12.319;V;3;A
1113;3335.961415;12.318;V;3;A
1114;3338.956831;12.318;V;3;A
1115;3341.951236;12.318;V;3;A
1116;3344.962118;12.318;V;3;A
1117;3347.957250;12.317;V;3;A
1118;3350.952487;12.316;V;3;A
1119;3353.963186;12.317;V;3;A
1120;3356.958475;12.316;V;3;A
1121;3359.953422;12.316;V;3;A
1122;3362.964059;12.316;V;3;A
1123;3365.959491;12.315;V;3;A
1124;3368.954702;12.315;V;3;A
1125;3371.949470;12.315;V;3;A
1126;3374.960413;12.314;V;3;A
1127;3377.955414;12.314;V;3;A
1128;3380.950484;12.314;V;3;A
1129;3383.961392;12.313;V;3;A
1130;3386.956757;12.313;V;3;A
1131;3389.951528;12.313;V;3;A
1132;3392.962817;12.312;V;3;A
1133;3395.957619;12.312;V;3;A
1134;3398.952957;12.312;V;3;A
1135;3401.947708;12.311;V;3;A
1136;3404.958851;12.311;V;3;A
1137;3407.953708;12.311;V;3;A
1138;3410.949188;12.31;V;3;A
1139;3413.959644;12.31;V;3;A
1140;3416.955033;12.31;V;3;A
1141;3419.949821;12.31;V;3;A
1142;3422.960763;12.309;V;3;A
1143;3425.956034;12.309;V;3;A
1144;3428.951067;12.309;V;3;A
1145;3431.961735;12.308;V;3;A
1146;3434.956741;12.308;V;3;A
1147;3437.952300;12.308;V;3;A
1148;3440.947002;12.307;V;3;A
1149;3443.958107;12.307;V;3;A
1150;3446.953676;12.306;V;3;A
1151;3449.948392;12.306;V;3;A
1152;3452.958990;12.306;V;3;A
1153;3455.953934;12.306;V;3;A
1154;3458.949804;12.305;V;3;A
1155;3461.960209;12.305;V;3;A
1156;3464.955092;12.305;V;3;A
1157;3467.950503;12.304;V;3;A
1158;3470.960992;12.304;V;3;A
1159;3473.956188;12.304;V;3;A
1160;3476.951666;12.303;V;3;A
1161;3479.946606;12.303;V;3;A
1162;3482.957379;12.303;V;3;A
1163;3485.952288;12.302;V;3;A
1164;3488.947728;12.302;V;3;A
1165;3491.958238;12.302;V;3;A
1166;3494.953438;12.301;V;3;A
1167;3497.948434;12.301;V;3;A
1168;3500.959357;12.301;V;3;A
1169;3503.954430;12.3;V;3;A
1170;3506.949889;12.3;V;3;A
1171;3509.960621;12.3;V;3;A
1172;3512.955705;12.299;V;3;A
1173;3515.950423;12.299;V;3;A
1174;3518.945710;12.298;V;3;A
1175;3521.956691;12.298;V;3;A
1176;3524.951709;12.298;V;3;A
1177;3527.946933;12.298;V;3;A
1178;3530.957915;12.297;V;3;A
1179;3533.952632;12.297;V;3;A
1180;3536.947704;12.297;V;3;A
1181;3539.958860;12.296;V;3;A
1182;3542.953885;12.296;V;3;A
1183;3545.948944;12.295;V;3;A
1184;3548.959605;12.295;V;3;A
1185;3551.954886;12.295;V;3;A
1186;3554.949978;12.294;V;3;A
1187;3557.945337;12.294;V;3;A
1188;3560.956063;12.294;V;3;A
1189;3563.950923;12.293;V;3;A
1190;3566.946238;12.293;V;3;A
1191;3569.957122;12.292;V;3;A
1192;3572.952187;12.292;V;3;A
1193;3575.947131;12.292;V;3;A
1194;3578.958143;12.291;V;3;A
1195;3581.953227;12.291;V;3;A
1196;3584.948953;12.291;V;3;A
1197;3587.958891;12.291;V;3;A
1198;3590.954337;12.29;V;3;A
1199;3593.950155;12.29;V;3;A
1200;3596.944219;12.29;V;3;A
1201;3599.955073;12.29;V;3;A
1202;3602.950011;12.289;V;3;A
1203;3605.945506;12.289;V;3;A
1204;3608.956199;12.288;V;3;A
1205;3611.951257;12.288;V;3;A
1206;3614.946253;12.288;V;3;A
1207;3617.957340;12.287;V;3;A
1208;3620.952259;12.287;V;3;A
1209;3623.947468;12.287;V;3;A
1210;3626.958352;12.286;V;3;A
1211;3629.953254;12.286;V;3;A
1212;3632.948990;12.285;V;3;A
1213;3635.943517;12.285;V;3;A
1214;3638.954462;12.285;V;3;A
1215;3641.949586;12.284;V;3;A
1216;3644.944852;12.284;V;3;A
1217;3647.955960;12.283;V;3;A
1218;3650.950570;12.283;V;3;A
1219;3653.946017;12.283;V;3;A
1220;3656.956616;12.283;V;3;A
1221;3659.951774;12.282;V;3;A
1222;3662.946971;12.282;V;3;A
1223;3665.957272;12.282;V;3;A
1224;3668.952604;12.281;V;3;A
1225;3671.956915;12.281;V;3;A
1226;3674.945002;12.28;V;3;A
1227;3677.953499;12.28;V;3;A
1228;3680.948887;12.28;V;3;A
1229;3683.943815;12.28;V;3;A
1230;3686.954694;12.279;V;3;A
1231;3689.949603;12.279;V;3;A
1232;3692.945131;12.279;V;3;A
1233;3695.955992;12.278;V;3;A
1234;3698.950640;12.278;V;3;A
1235;3701.946200;12.277;V;3;A
1236;3704.956960;12.277;V;3;A
1237;3707.951824;12.277;V;3;A
1238;3710.946930;12.276;V;3;A
1239;3713.942424;12.276;V;3;A
1240;3716.953183;12.275;V;3;A
1241;3719.947866;12.275;V;3;A
1242;3722.943383;12.275;V;3;A
1243;3725.954408;12.275;V;3;A
1244;3728.949380;12.274;V;3;A
1245;3731.944154;12.273;V;3;A
1246;3734.955148;12.273;V;3;A
1247;3737.950191;12.273;V;3;A
1248;3740.945358;12.272;V;3;A
1249;3743.955982;12.272;V;3;A
1250;3746.951040;12.272;V;3;A
1251;3749.946270;12.271;V;3;A
1252;3752.941692;12.271;V;3;A
1253;3755.952254;12.271;V;3;A
1254;3758.948985;12.27;V;3;A
1255;3761.942662;12.27;V;3;A
1256;3764.953232;12.27;V;3;A
1257;3767.948733;12.269;V;3;A
1258;3770.943533;12.269;V;3;A
1259;3773.954278;12.269;V;3;A
1260;3776.949491;12.268;V;3;A
1261;3779.944958;12.268;V;3;A
1262;3782.958424;12.268;V;3;A
1263;3785.950701;12.267;V;3;A
1264;3788.945622;12.267;V;3;A
1265;3791.941090;12.266;V;3;A
1266;3794.951530;12.266;V;3;A
1267;3797.946498;12.266;V;3;A
1268;3800.941655;12.265;V;3;A
1269;3803.953054;12.265;V;3;A
1270;3806.948228;12.265;V;3;A
1271;3809.943015;12.264;V;3;A
1272;3812.953907;12.264;V;3;A
1273;3815.949030;12.263;V;3;A
1274;3818.943871;12.263;V;3;A
1275;3821.954771;12.263;V;3;A
1276;3824.949752;12.262;V;3;A
1277;3827.945246;12.262;V;3;A
1278;3830.940330;12.262;V;3;A
1279;3833.950862;12.261;V;3;A
1280;3836.946160;12.261;V;3;A
1281;3839.940937;12.26;V;3;A
1282;3842.951609;12.26;V;3;A
1283;3845.949845;12.26;V;3;A
1284;3848.942118;12.26;V;3;A
1285;3851.952935;12.259;V;3;A
1286;3854.948047;12.259;V;3;A
1287;3857.943161;12.258;V;3;A
1288;3860.954006;12.258;V;3;A
1289;3863.948836;12.257;V;3;A
1290;3866.943983;12.257;V;3;A
1291;3869.939196;12.256;V;3;A
1292;3872.950223;12.256;V;3;A
1293;3875.945337;12.256;V;3;A
1294;3878.940230;12.256;V;3;A
1295;3881.951073;12.255;V;3;A
1296;3884.946555;12.255;V;3;A
1297;3887.941402;12.255;V;3;A
1298;3890.952579;12.254;V;3;A
1299;3893.947559;12.253;V;3;A
1300;3896.942715;12.253;V;3;A
1301;3899.953629;12.253;V;3;A
1302;3902.948368;12.253;V;3;A
1303;3905.943382;12.252;V;3;A
1304;3908.938818;12.252;V;3;A
1305;3911.949795;12.251;V;3;A
1306;3914.944525;12.251;V;3;A
1307;3917.940028;12.25;V;3;A
1308;3920.950470;12.25;V;3;A
1309;3923.945588;12.249;V;3;A
1310;3926.940698;12.249;V;3;A
1311;3929.951264;12.249;V;3;A
1312;3932.946623;12.248;V;3;A
1313;3935.941736;12.248;V;3;A
1314;3938.953018;12.248;V;3;A
1315;3941.947691;12.247;V;3;A
1316;3944.942982;12.247;V;3;A
1317;3947.938140;12.247;V;3;A
1318;3950.948926;12.246;V;3;A
1319;3953.943872;12.246;V;3;A
1320;3956.939286;12.245;V;3;A
1321;3959.949902;12.245;V;3;A
1322;3962.960726;12.245;V;3;A
1323;3965.940502;12.244;V;3;A
1324;3968.951040;12.244;V;3;A
1325;3971.946133;12.243;V;3;A
1326;3974.941073;12.243;V;3;A
1327;3977.952047;12.242;V;3;A
1328;3980.947245;12.242;V;3;A
1329;3983.942264;12.242;V;3;A
1330;3986.937497;12.242;V;3;A
1331;3989.963330;12.241;V;3;A
1332;3992.943311;12.241;V;3;A
1333;3995.938102;12.24;V;3;A
1334;3998.949079;12.24;V;3;A
1335;4001.944134;12.24;V;3;A
1336;4004.939260;12.239;V;3;A
1337;4007.950443;12.239;V;3;A
1338;4010.945444;12.239;V;3;A
1339;4013.940661;12.238;V;3;A
1340;4016.951284;12.238;V;3;A
1341;4019.946471;12.237;V;3;A
1342;4022.941229;12.236;V;3;A
1343;4025.936726;12.236;V;3;A
1344;4028.947503;12.236;V;3;A
1345;4031.942265;12.236;V;3;A
1346;4034.937824;12.235;V;3;A
1347;4037.948512;12.235;V;3;A
1348;4040.943542;12.234;V;3;A
1349;4043.938667;12.234;V;3;A
1350;4046.949345;12.234;V;3;A
1351;4049.944767;12.233;V;3;A
1352;4052.939980;12.233;V;3;A
1353;4055.950427;12.233;V;3;A
1354;4058.945716;12.232;V;3;A
1355;4061.940753;12.232;V;3;A
1356;4064.936146;12.231;V;3;A
1357;4067.946845;12.231;V;3;A
1358;4070.941872;12.231;V;3;A
1359;4073.937017;12.23;V;3;A
1360;4076.947891;12.23;V;3;A
1361;4079.942739;12.229;V;3;A
1362;4082.937852;12.229;V;3;A
1363;4085.948539;12.229;V;3;A
1364;4088.943639;12.228;V;3;A
1365;4091.938681;12.228;V;3;A
1366;4094.933899;12.228;V;3;A
1367;4097.945117;12.227;V;3;A
1368;4100.940227;12.227;V;3;A
1369;4103.935345;12.226;V;3;A
1370;4106.946207;12.226;V;3;A
1371;4109.940973;12.225;V;3;A
1372;4112.936471;12.225;V;3;A
1373;4115.946839;12.224;V;3;A
1374;4118.942263;12.224;V;3;A
1375;4121.937208;12.224;V;3;A
1376;4124.948258;12.223;V;3;A
1377;4127.943101;12.223;V;3;A
1378;4130.937997;12.222;V;3;A
1379;4133.933602;12.222;V;3;A
1380;4136.944256;12.222;V;3;A
1381;4139.939075;12.221;V;3;A
1382;4142.950010;12.22;V;3;A
1383;4145.945190;12.22;V;3;A
1384;4148.940168;12.22;V;3;A
1385;4151.935670;12.219;V;3;A
1386;4154.946200;12.219;V;3;A
1387;4157.941635;12.219;V;3;A
1388;4160.951871;12.218;V;3;A
1389;4163.947295;12.218;V;3;A
1390;4166.942679;12.217;V;3;A
1391;4169.937322;12.216;V;3;A
1392;4172.932850;12.216;V;3;A
1393;4175.943625;12.216;V;3;A
1394;4178.939043;12.216;V;3;A
1395;4181.934038;12.215;V;3;A
1396;4184.944394;12.215;V;3;A
1397;4187.939799;12.214;V;3;A
1398;4190.934496;12.214;V;3;A
1399;4193.945549;12.213;V;3;A
1400;4196.940623;12.213;V;3;A
1401;4199.935593;12.213;V;3;A
1402;4202.939567;12.212;V;3;A
1403;4205.934244;12.212;V;3;A
1404;4208.945231;12.211;V;3;A
1405;4211.943138;12.211;V;3;A
1406;4214.935504;12.21;V;3;A
1407;4217.946630;12.21;V;3;A
1408;4220.941560;12.209;V;3;A
1409;4223.936591;12.21;V;3;A
1410;4226.931500;12.209;V;3;A
1411;4229.942312;12.208;V;3;A
1412;4232.937722;12.208;V;3;A
1413;4235.932490;12.208;V;3;A
1414;4238.943371;12.207;V;3;A
1415;4241.938418;12.206;V;3;A
1416;4244.933562;12.206;V;3;A
1417;4247.925818;12.206;V;3;A
1418;4250.937726;12.205;V;3;A
1419;4253.932453;12.205;V;3;A
1420;4256.943254;12.204;V;3;A
1421;4259.938494;12.204;V;3;A
1422;4262.933559;12.203;V;3;A
1423;4265.944398;12.203;V;3;A
1424;4268.939930;12.202;V;3;A
1425;4271.934822;12.202;V;3;A
1426;4274.945441;12.201;V;3;A
1427;4277.940518;12.201;V;3;A
1428;4280.936964;12.201;V;3;A
1429;4283.930766;12.2;V;3;A
1430;4286.941464;12.2;V;3;A
1431;4289.936880;12.199;V;3;A
1432;4292.931792;12.199;V;3;A
1433;4295.942680;12.199;V;3;A
1434;4298.938214;12.198;V;3;A
1435;4301.932849;12.198;V;3;A
1436;4304.943527;12.197;V;3;A
1437;4307.938847;12.197;V;3;A
1438;4310.934224;12.196;V;3;A
1439;4313.944976;12.196;V;3;A
1440;4316.939887;12.196;V;3;A
1441;4319.935126;12.195;V;3;A
1442;4322.930083;12.194;V;3;A
1443;4325.942023;12.194;V;3;A
1444;4328.924115;12.193;V;3;A
1445;4331.924202;12.193;V;3;A
1446;4334.943117;12.192;V;3;A
1447;4337.938483;12.192;V;3;A
1448;4340.933632;12.191;V;3;A
1449;4343.924319;12.191;V;3;A
1450;4346.923398;12.191;V;3;A
1451;4349.932321;12.19;V;3;A
1452;4352.943409;12.19;V;3;A
1453;4355.938072;12.19;V;3;A
1454;4358.933480;12.189;V;3;A
1455;4361.944164;12.189;V;3;A
1456;4364.939363;12.188;V;3;A
1457;4367.934449;12.188;V;3;A
1458;4370.929473;12.187;V;3;A
1459;4373.940538;12.187;V;3;A
1460;4376.935444;12.186;V;3;A
1461;4379.930506;12.186;V;3;A
1462;4382.941369;12.185;V;3;A
1463;4385.936326;12.185;V;3;A
1464;4388.931704;12.184;V;3;A
1465;4391.942251;12.184;V;3;A
1466;4394.937388;12.183;V;3;A
1467;4397.932583;12.183;V;3;A
1468;4400.943818;12.182;V;3;A
1469;4403.954028;12.182;V;3;A
1470;4406.933961;12.181;V;3;A
1471;4409.929171;12.181;V;3;A
1472;4412.955076;12.18;V;3;A
1473;4415.934598;12.18;V;3;A
1474;4418.929834;12.179;V;3;A
1475;4421.940566;12.179;V;3;A
1476;4424.935626;12.178;V;3;A
1477;4427.937528;12.178;V;3;A
1478;4430.921888;12.177;V;3;A
1479;4433.922105;12.177;V;3;A
1480;4436.940895;12.176;V;3;A
1481;4439.936269;12.176;V;3;A
1482;4442.931759;12.176;V;3;A
1483;4445.942160;12.175;V;3;A
1484;4448.937575;12.174;V;3;A
1485;4451.932867;12.174;V;3;A
1486;4454.927770;12.173;V;3;A
1487;4457.940347;12.173;V;3;A
1488;4460.933402;12.172;V;3;A
1489;4463.928796;12.172;V;3;A
1490;4466.939323;12.171;V;3;A
1491;4469.934918;12.171;V;3;A
1492;4472.929733;12.17;V;3;A
1493;4475.940898;12.17;V;3;A
1494;4478.935766;12.169;V;3;A
1495;4481.930679;12.169;V;3;A
1496;4484.941755;12.169;V;3;A
1497;4487.936765;12.168;V;3;A
1498;4490.931874;12.168;V;3;A
1499;4493.926810;12.167;V;3;A
1500;4496.937658;12.167;V;3;A
1501;4499.932721;12.166;V;3;A
1502;4502.928055;12.166;V;3;A
1503;4505.938646;12.165;V;3;A
1504;4508.933580;12.165;V;3;A
1505;4511.928885;12.164;V;3;A
1506;4514.939538;12.164;V;3;A
1507;4517.934673;12.163;V;3;A
1508;4520.929975;12.163;V;3;A
1509;4523.940928;12.162;V;3;A
1510;4526.935636;12.161;V;3;A
1511;4529.931690;12.161;V;3;A
1512;4532.926324;12.16;V;3;A
1513;4535.937011;12.16;V;3;A
1514;4538.929699;12.159;V;3;A
1515;4541.940530;12.159;V;3;A
1516;4544.935632;12.159;V;3;A
1517;4547.930823;12.158;V;3;A
1518;4550.926208;12.157;V;3;A
1519;4553.936835;12.156;V;3;A
1520;4556.932015;12.156;V;3;A
1521;4559.927280;12.156;V;3;A
1522;4562.938708;12.155;V;3;A
1523;4565.933203;12.155;V;3;A
1524;4568.928464;12.154;V;3;A
1525;4571.939071;12.154;V;3;A
1526;4574.934034;12.153;V;3;A
1527;4577.929167;12.152;V;3;A
1528;4580.940196;12.152;V;3;A
1529;4583.935390;12.151;V;3;A
1530;4586.930143;12.151;V;3;A
1531;4589.925614;12.15;V;3;A
1532;4592.936284;12.15;V;3;A
1533;4595.931071;12.149;V;3;A
1534;4598.926260;12.149;V;3;A
1535;4601.937210;12.148;V;3;A
1536;4604.932249;12.148;V;3;A
1537;4607.927567;12.147;V;3;A
1538;4610.938154;12.147;V;3;A
1539;4613.933264;12.146;V;3;A
1540;4616.928480;12.146;V;3;A
1541;4619.923812;12.145;V;3;A
1542;4622.934536;12.144;V;3;A
1543;4625.960500;12.144;V;3;A
1544;4628.924371;12.143;V;3;A
1545;4631.935338;12.143;V;3;A
1546;4634.930398;12.142;V;3;A
1547;4637.925911;12.142;V;3;A
1548;4640.932595;12.141;V;3;A
1549;4643.937744;12.14;V;3;A
1550;4646.933179;12.14;V;3;A
1551;4649.928602;12.14;V;3;A
1552;4652.923827;12.139;V;3;A
1553;4655.934307;12.138;V;3;A
1554;4658.929499;12.138;V;3;A
1555;4661.924210;12.137;V;3;A
1556;4664.935181;12.137;V;3;A
1557;4667.930277;12.136;V;3;A
1558;4670.925971;12.136;V;3;A
1559;4673.936520;12.135;V;3;A
1560;4676.931288;12.134;V;3;A
1561;4679.930820;12.134;V;3;A
1562;4682.937475;12.133;V;3;A
1563;4685.932972;12.133;V;3;A
1564;4688.927306;12.132;V;3;A
1565;4691.922835;12.132;V;3;A
1566;4694.933823;12.131;V;3;A
1567;4697.928847;12.13;V;3;A
1568;4700.923595;12.13;V;3;A
1569;4703.934793;12.129;V;3;A
1570;4706.929860;12.129;V;3;A
1571;4709.924840;12.128;V;3;A
1572;4712.935274;12.128;V;3;A
1573;4715.930713;12.127;V;3;A
1574;4718.925750;12.126;V;3;A
1575;4721.936839;12.125;V;3;A
1576;4724.932216;12.125;V;3;A
1577;4727.927178;12.124;V;3;A
1578;4730.922151;12.124;V;3;A
1579;4733.932968;12.123;V;3;A
1580;4736.928114;12.122;V;3;A
1581;4739.923571;12.122;V;3;A
1582;4742.934251;12.121;V;3;A
1583;4745.928942;12.121;V;3;A
1584;4748.924001;12.12;V;3;A
1585;4751.934733;12.119;V;3;A
1586;4754.929886;12.119;V;3;A
1587;4757.925134;12.118;V;3;A
1588;4760.936348;12.118;V;3;A
1589;4763.931003;12.117;V;3;A
1590;4766.926528;12.116;V;3;A
1591;4769.921415;12.116;V;3;A
1592;4772.932892;12.115;V;3;A
1593;4775.928225;12.115;V;3;A
1594;4778.923516;12.114;V;3;A
1595;4781.934126;12.113;V;3;A
1596;4784.929381;12.113;V;3;A
1597;4787.924314;12.112;V;3;A
1598;4790.935335;12.111;V;3;A
1599;4793.930220;12.11;V;3;A
1600;4796.926429;12.11;V;3;A
1601;4799.921800;12.11;V;3;A
1602;4802.933087;12.109;V;3;A
1603;4805.928500;12.109;V;3;A
1604;4808.923514;12.108;V;3;A
1605;4811.934514;12.107;V;3;A
1606;4814.929444;12.106;V;3;A
1607;4817.924550;12.106;V;3;A
1608;4820.920185;12.105;V;3;A
1609;4823.930328;12.104;V;3;A
1610;4826.925776;12.104;V;3;A
1611;4829.920935;12.103;V;3;A
1612;4832.931434;12.103;V;3;A
1613;4835.926432;12.102;V;3;A
1614;4838.922118;12.1;V;3;A
1615;4841.932509;12.1;V;3;A
1616;4844.928054;12.1;V;3;A
1617;4847.922851;12.099;V;3;A
1618;4850.934002;12.099;V;3;A
1619;4853.929283;12.098;V;3;A
1620;4856.924076;12.097;V;3;A
1621;4859.919180;12.097;V;3;A
1622;4862.929551;12.096;V;3;A
1623;4865.925098;12.096;V;3;A
1624;4868.919852;12.095;V;3;A
1625;4871.931123;12.094;V;3;A
1626;4874.926209;12.093;V;3;A
1627;4877.920878;12.093;V;3;A
1628;4880.931703;12.092;V;3;A
1629;4883.913793;12.091;V;3;A
1630;4886.912779;12.09;V;3;A
1631;4889.931659;12.09;V;3;A
1632;4892.926370;12.089;V;3;A
1633;4895.921450;12.089;V;3;A
1634;4898.932161;12.088;V;3;A
1635;4901.927826;12.087;V;3;A
1636;4904.923100;12.086;V;3;A
1637;4907.933657;12.086;V;3;A
1638;4910.928501;12.085;V;3;A
1639;4913.923590;12.084;V;3;A
1640;4916.918659;12.083;V;3;A
1641;4919.930440;12.083;V;3;A
1642;4922.926086;12.082;V;3;A
1643;4925.920807;12.081;V;3;A
1644;4928.932546;12.081;V;3;A
1645;4931.926765;12.08;V;3;A
1646;4934.921992;12.079;V;3;A
1647;4937.932964;12.078;V;3;A
1648;4940.928309;12.077;V;3;A
1649;4943.923350;12.077;V;3;A
1650;4946.917969;12.076;V;3;A
1651;4949.929202;12.075;V;3;A
1652;4952.923856;12.074;V;3;A
1653;4955.919335;12.074;V;3;A
1654;4958.930083;12.073;V;3;A
1655;4961.925071;12.072;V;3;A
1656;4964.920152;12.071;V;3;A
1657;4967.930964;12.071;V;3;A
1658;4970.926043;12.07;V;3;A
1659;4973.921527;12.07;V;3;A
1660;4976.931795;12.068;V;3;A
1661;4979.927097;12.068;V;3;A
1662;4982.922328;12.067;V;3;A
1663;4985.917627;12.066;V;3;A
1664;4988.928458;12.065;V;3;A
1665;4991.923372;12.065;V;3;A
1666;4994.918749;12.064;V;3;A
1667;4997.929403;12.063;V;3;A
1668;5000.924727;12.062;V;3;A
1669;5003.919724;12.061;V;3;A
1670;5006.930782;12.06;V;3;A
1671;5009.925564;12.06;V;3;A
1672;5012.920907;12.059;V;3;A
1673;5015.931320;12.058;V;3;A
1674;5018.926406;12.057;V;3;A
1675;5021.921480;12.056;V;3;A
1676;5024.916862;12.056;V;3;A
1677;5027.927743;12.055;V;3;A
1678;5030.922557;12.054;V;3;A
1679;5033.918506;12.053;V;3;A
1680;5036.928684;12.052;V;3;A
1681;5039.923628;12.051;V;3;A
1682;5042.918568;12.051;V;3;A
1683;5045.929739;12.05;V;3;A
1684;5048.927739;12.049;V;3;A
1685;5051.919667;12.048;V;3;A
1686;5054.914783;12.047;V;3;A
1687;5057.925529;12.046;V;3;A
1688;5060.921134;12.045;V;3;A
1689;5063.915804;12.045;V;3;A
1690;5066.926793;12.044;V;3;A
1691;5069.922054;12.043;V;3;A
1692;5072.916853;12.042;V;3;A
1693;5075.909819;12.041;V;3;A
1694;5078.908972;12.04;V;3;A
1695;5081.909177;12.039;V;3;A
1696;5084.909208;12.038;V;3;A
1697;5087.910530;12.038;V;3;A
1698;5090.909317;12.037;V;3;A
1699;5093.910554;12.036;V;3;A
1700;5096.908597;12.035;V;3;A
1701;5099.908769;12.034;V;3;A
1702;5102.908887;12.034;V;3;A
1703;5105.908873;12.033;V;3;A
1704;5108.908155;12.032;V;3;A
1705;5111.908305;12.031;V;3;A
1706;5114.908269;12.03;V;3;A
1707;5117.908407;12.029;V;3;A
1708;5120.926444;12.028;V;3;A
1709;5123.908655;12.027;V;3;A
1710;5126.908063;12.026;V;3;A
1711;5129.907760;12.025;V;3;A
1712;5132.907956;12.024;V;3;A
1713;5135.909022;12.023;V;3;A
1714;5138.908193;12.022;V;3;A
1715;5141.908221;12.022;V;3;A
1716;5144.907370;12.02;V;3;A
1717;5147.907473;12.019;V;3;A
1718;5150.907623;12.019;V;3;A
1719;5153.907801;12.017;V;3;A
1720;5156.910778;12.017;V;3;A
1721;5159.908003;12.015;V;3;A
1722;5162.907176;12.015;V;3;A
1723;5165.907239;12.013;V;3;A
1724;5168.907701;12.012;V;3;A
1725;5171.907392;12.012;V;3;A
1726;5174.926508;12.01;V;3;A
1727;5177.908663;12.01;V;3;A
1728;5180.906716;12.009;V;3;A
1729;5183.906864;12.008;V;3;A
1730;5186.906912;12.007;V;3;A
1731;5189.907031;12.005;V;3;A
1732;5192.907208;12.005;V;3;A
1733;5195.907303;12.004;V;3;A
1734;5198.906465;12.002;V;3;A
1735;5201.906503;12.002;V;3;A
1736;5204.906796;12.001;V;3;A
1737;5207.906683;11.999;V;3;A
1738;5210.906787;11.999;V;3;A
1739;5213.906028;11.997;V;3;A
1740;5216.906131;11.996;V;3;A
1741;5219.907189;11.995;V;3;A
1742;5222.906265;11.994;V;3;A
1743;5225.906439;11.993;V;3;A
1744;5228.906466;11.992;V;3;A
1745;5231.905568;11.99;V;3;A
1746;5234.905800;11.99;V;3;A
1747;5237.905898;11.989;V;3;A
1748;5240.906031;11.988;V;3;A
1749;5243.906155;11.987;V;3;A
1750;5246.906194;11.986;V;3;A
1751;5249.905306;11.984;V;3;A
1752;5252.905357;11.983;V;3;A
1753;5255.905589;11.982;V;3;A
1754;5258.906675;11.981;V;3;A
1755;5261.906750;11.98;V;3;A
1756;5264.905813;11.979;V;3;A
1757;5267.905037;11.978;V;3;A
1758;5270.905038;11.976;V;3;A
1759;5273.905139;11.975;V;3;A
1760;5276.905444;11.974;V;3;A
1761;5279.905362;11.973;V;3;A
1762;5282.906561;11.972;V;3;A
1763;5285.904593;11.97;V;3;A
1764;5288.904812;11.969;V;3;A
1765;5291.904819;11.968;V;3;A
1766;5294.904920;11.967;V;3;A
1767;5297.905111;11.966;V;3;A
1768;5300.905252;11.965;V;3;A
1769;5303.904262;11.963;V;3;A
1770;5306.904406;11.963;V;3;A
1771;5309.904491;11.961;V;3;A
1772;5312.904601;11.96;V;3;A
1773;5315.904706;11.959;V;3;A
1774;5318.903938;11.958;V;3;A
1775;5321.904032;11.956;V;3;A
1776;5324.904150;11.955;V;3;A
1777;5327.904182;11.954;V;3;A
1778;5330.904272;11.952;V;3;A
1779;5333.904380;11.951;V;3;A
1780;5336.903533;11.95;V;3;A
1781;5339.903672;11.949;V;3;A
1782;5342.903770;11.947;V;3;A
1783;5345.904916;11.946;V;3;A
1784;5348.903962;11.945;V;3;A
1785;5351.904086;11.943;V;3;A
1786;5354.903172;11.942;V;3;A
1787;5357.903277;11.941;V;3;A
1788;5360.903568;11.94;V;3;A
1789;5363.903658;11.938;V;3;A
1790;5366.905709;11.937;V;3;A
1791;5369.903851;11.936;V;3;A
1792;5372.902856;11.934;V;3;A
1793;5375.902983;11.932;V;3;A
1794;5378.903056;11.931;V;3;A
1795;5381.903245;11.93;V;3;A
1796;5384.903317;11.929;V;3;A
1797;5387.904518;11.927;V;3;A
1798;5390.902602;11.926;V;3;A
1799;5393.902648;11.924;V;3;A
1800;5396.902743;11.923;V;3;A
1801;5399.902860;11.922;V;3;A
1802;5402.904035;11.92;V;3;A
1803;5405.903140;11.918;V;3;A
1804;5408.902378;11.917;V;3;A
1805;5411.902413;11.916;V;3;A
1806;5414.902572;11.914;V;3;A
1807;5417.902564;11.913;V;3;A
1808;5420.902700;11.911;V;3;A
1809;5423.901825;11.91;V;3;A
1810;5426.902038;11.909;V;3;A
1811;5429.902059;11.907;V;3;A
1812;5432.902204;11.905;V;3;A
1813;5435.902238;11.904;V;3;A
1814;5438.903677;11.903;V;3;A
1815;5441.901526;11.901;V;3;A
1816;5444.903008;11.899;V;3;A
1817;5447.901741;11.898;V;3;A
1818;5450.901787;11.896;V;3;A
1819;5453.903278;11.895;V;3;A
1820;5456.902100;11.894;V;3;A
1821;5459.901138;11.892;V;3;A
1822;5462.901357;11.89;V;3;A
1823;5465.901309;11.889;V;3;A
1824;5468.902829;11.887;V;3;A
1825;5471.903016;11.886;V;3;A
1826;5474.901753;11.884;V;3;A
1827;5477.902110;11.883;V;3;A
1828;5480.900937;11.881;V;3;A
1829;5483.900994;11.88;V;3;A
1830;5486.901165;11.878;V;3;A
1831;5489.902646;11.876;V;3;A
1832;5492.902758;11.875;V;3;A
1833;5495.901648;11.873;V;3;A
1834;5498.902026;11.871;V;3;A
1835;5501.902058;11.87;V;3;A
1836;5504.900837;11.869;V;3;A
1837;5507.901137;11.867;V;3;A
1838;5510.902356;11.865;V;3;A
1839;5513.900169;11.864;V;3;A
1840;5516.901657;11.862;V;3;A
1841;5519.900399;11.86;V;3;A
1842;5522.900461;11.858;V;3;A
1843;5525.903632;11.856;V;3;A
1844;5528.899851;11.855;V;3;A
1845;5531.899843;11.853;V;3;A
1846;5534.901292;11.852;V;3;A
1847;5537.900148;11.85;V;3;A
1848;5540.900176;11.848;V;3;A
1849;5543.900459;11.847;V;3;A
1850;5546.899415;11.845;V;3;A
1851;5549.899521;11.843;V;3;A
1852;5552.900964;11.841;V;3;A
1853;5555.901078;11.84;V;3;A
1854;5558.900666;11.838;V;3;A
1855;5561.899969;11.836;V;3;A
1856;5564.899119;11.834;V;3;A
1857;5567.899354;11.833;V;3;A
1858;5570.899318;11.83;V;3;A
1859;5573.899370;11.829;V;3;A
1860;5576.899540;11.827;V;3;A
1861;5579.900811;11.825;V;3;A
1862;5582.900060;11.823;V;3;A
1863;5585.900195;11.821;V;3;A
1864;5588.913881;11.82;V;3;A
1865;5591.906059;11.818;V;3;A
1866;5594.898627;11.816;V;3;A
1867;5597.898884;11.813;V;3;A
1868;5600.917071;11.812;V;3;A
1869;5603.898878;11.81;V;3;A
1870;5606.898595;11.808;V;3;A
1871;5609.907966;11.806;V;3;A
1872;5612.898737;11.804;V;3;A
1873;5615.898065;11.803;V;3;A
1874;5618.899120;11.8;V;3;A
1875;5621.898318;11.799;V;3;A
1876;5624.898392;11.797;V;3;A
1877;5627.898446;11.795;V;3;A
1878;5630.898518;11.792;V;3;A
1879;5633.897633;11.791;V;3;A
1880;5636.899431;11.789;V;3;A
1881;5639.897982;11.787;V;3;A
1882;5642.898231;11.785;V;3;A
1883;5645.898270;11.782;V;3;A
1884;5648.908418;11.78;V;3;A
1885;5651.897412;11.778;V;3;A
1886;5654.897571;11.776;V;3;A
1887;5657.897754;11.774;V;3;A
1888;5660.897873;11.772;V;3;A
1889;5663.897934;11.77;V;3;A
1890;5666.896977;11.768;V;3;A
1891;5669.897161;11.766;V;3;A
1892;5672.897859;11.763;V;3;A
1893;5675.897385;11.761;V;3;A
1894;5678.897561;11.759;V;3;A
1895;5681.897609;11.757;V;3;A
1896;5684.896802;11.755;V;3;A
1897;5687.910340;11.752;V;3;A
1898;5690.898776;11.75;V;3;A
1899;5693.896766;11.748;V;3;A
1900;5696.896970;11.746;V;3;A
1901;5699.897046;11.744;V;3;A
1902;5702.897150;11.742;V;3;A
1903;5705.896220;11.739;V;3;A
1904;5708.896361;11.737;V;3;A
1905;5711.896451;11.735;V;3;A
1906;5714.896670;11.732;V;3;A
1907;5717.896743;11.73;V;3;A
1908;5720.896839;11.728;V;3;A
1909;5723.896950;11.725;V;3;A
1910;5726.896215;11.723;V;3;A
1911;5729.896155;11.721;V;3;A
1912;5732.896204;11.719;V;3;A
1913;5735.896338;11.716;V;3;A
1914;5738.896495;11.714;V;3;A
1915;5741.895616;11.71;V;3;A
1916;5744.895694;11.709;V;3;A
1917;5747.895840;11.706;V;3;A
1918;5750.895943;11.704;V;3;A
1919;5753.896045;11.702;V;3;A
1920;5756.896089;11.699;V;3;A
1921;5759.895211;11.697;V;3;A
1922;5762.895398;11.694;V;3;A
1923;5765.895512;11.692;V;3;A
1924;5768.895559;11.689;V;3;A
1925;5771.895699;11.687;V;3;A
1926;5774.894770;11.684;V;3;A
1927;5777.895923;11.682;V;3;A
1928;5780.895102;11.679;V;3;A
1929;5783.895177;11.676;V;3;A
1930;5786.896332;11.673;V;3;A
1931;5789.895443;11.67;V;3;A
1932;5792.894457;11.669;V;3;A
1933;5795.894591;11.666;V;3;A
1934;5798.894942;11.663;V;3;A
1935;5801.894844;11.66;V;3;A
1936;5804.894958;11.658;V;3;A
1937;5807.895071;11.655;V;3;A
1938;5810.894232;11.652;V;3;A
1939;5813.894336;11.65;V;3;A
1940;5816.894342;11.647;V;3;A
1941;5819.894498;11.644;V;3;A
1942;5822.894625;11.641;V;3;A
1943;5825.894660;11.638;V;3;A
1944;5828.893788;11.635;V;3;A
1945;5831.893904;11.633;V;3;A
1946;5834.894082;11.63;V;3;A
1947;5837.894119;11.627;V;3;A
1948;5840.894837;11.623;V;3;A
1949;5843.894341;11.62;V;3;A
1950;5846.895525;11.617;V;3;A
1951;5849.894641;11.614;V;3;A
1952;5852.893748;11.611;V;3;A
1953;5855.893916;11.609;V;3;A
1954;5858.894018;11.605;V;3;A
1955;5861.894190;11.602;V;3;A
1956;5864.893977;11.599;V;3;A
1957;5867.895356;11.596;V;3;A
1958;5870.894490;11.593;V;3;A
1959;5873.893481;11.589;V;3;A
1960;5876.893647;11.586;V;3;A
1961;5879.892700;11.583;V;3;A
1962;5882.892802;11.579;V;3;A
1963;5885.892994;11.575;V;3;A
1964;5888.894094;11.572;V;3;A
1965;5891.893198;11.569;V;3;A
1966;5894.893285;11.566;V;3;A
1967;5897.892364;11.563;V;3;A
1968;5900.892478;11.559;V;3;A
1969;5903.893587;11.555;V;3;A
1970;5906.892805;11.551;V;3;A
1971;5909.892875;11.548;V;3;A
1972;5912.893959;11.544;V;3;A
1973;5915.892075;11.541;V;3;A
1974;5918.892201;11.537;V;3;A
1975;5921.892329;11.534;V;3;A
1976;5924.892558;11.53;V;3;A
1977;5927.892599;11.526;V;3;A
1978;5930.892579;11.522;V;3;A
1979;5933.891723;11.518;V;3;A
1980;5936.891886;11.514;V;3;A
1981;5939.891995;11.511;V;3;A
1982;5942.892113;11.507;V;3;A
1983;5945.892827;11.504;V;3;A
1984;5948.892351;11.5;V;3;A
1985;5951.891429;11.496;V;3;A
1986;5954.891558;11.492;V;3;A
1987;5957.891666;11.488;V;3;A
1988;5960.891720;11.484;V;3;A
1989;5963.891946;11.48;V;3;A
1990;5966.890930;11.475;V;3;A
1991;5969.891052;11.472;V;3;A
1992;5972.891205;11.468;V;3;A
1993;5975.891342;11.463;V;3;A
1994;5978.891491;11.46;V;3;A
1995;5981.891561;11.455;V;3;A
1996;5984.890642;11.451;V;3;A
1997;5987.890721;11.446;V;3;A
1998;5990.890897;11.442;V;3;A
1999;5993.892014;11.438;V;3;A
2000;5996.891096;11.434;V;3;A
2001;5999.891239;11.43;V;3;A
2002;6002.898559;11.425;V;3;A
2003;6005.890425;11.421;V;3;A
2004;6008.890509;11.416;V;3;A
2005;6011.890800;11.413;V;3;A
2006;6014.890797;11.409;V;3;A
2007;6017.891869;11.404;V;3;A
2008;6020.890145;11.399;V;3;A
2009;6023.890198;11.395;V;3;A
2010;6026.893171;11.39;V;3;A
2011;6029.891108;11.386;V;3;A
2012;6032.890484;11.382;V;3;A
2013;6035.890625;11.377;V;3;A
2014;6038.889607;11.372;V;3;A
2015;6041.889729;11.368;V;3;A
2016;6044.889955;11.364;V;3;A
2017;6047.889977;11.359;V;3;A
2018;6050.891212;11.355;V;3;A
2019;6053.890294;11.35;V;3;A
2020;6056.890290;11.346;V;3;A
2021;6059.889452;11.341;V;3;A
2022;6062.889590;11.336;V;3;A
2023;6065.889641;11.332;V;3;A
2024;6068.889795;11.328;V;3;A
2025;6071.888885;11.323;V;3;A
2026;6074.889008;11.318;V;3;A
2027;6077.889079;11.313;V;3;A
2028;6080.889247;11.309;V;3;A
2029;6083.889414;11.304;V;3;A
2030;6086.889554;11.299;V;3;A
2031;6089.888614;11.295;V;3;A
2032;6092.888635;11.289;V;3;A
2033;6095.888801;11.284;V;3;A
2034;6098.890925;11.279;V;3;A
2035;6101.889087;11.274;V;3;A
2036;6104.889110;11.269;V;3;A
2037;6107.888182;11.264;V;3;A
2038;6110.888318;11.259;V;3;A
2039;6113.888458;11.254;V;3;A
2040;6116.888596;11.249;V;3;A
2041;6119.889769;11.243;V;3;A
2042;6122.888818;11.238;V;3;A
2043;6125.887897;11.233;V;3;A
2044;6128.888019;11.229;V;3;A
2045;6131.888104;11.223;V;3;A
2046;6134.888269;11.218;V;3;A
2047;6137.888384;11.212;V;3;A
2048;6140.889541;11.207;V;3;A
2049;6143.887541;11.202;V;3;A
2050;6146.887767;11.197;V;3;A
2051;6149.887859;11.191;V;3;A
2052;6152.887889;11.186;V;3;A
2053;6155.888051;11.18;V;3;A
2054;6158.888166;11.175;V;3;A
2055;6161.888219;11.169;V;3;A
2056;6164.887395;11.164;V;3;A
2057;6167.887507;11.16;V;3;A
2058;6170.887618;11.154;V;3;A
2059;6173.887694;11.148;V;3;A
2060;6176.886812;11.143;V;3;A
2061;6179.886872;11.138;V;3;A
2062;6182.887031;11.133;V;3;A
2063;6185.887178;11.127;V;3;A
2064;6188.887330;11.122;V;3;A
2065;6191.887397;11.116;V;3;A
2066;6194.886523;11.111;V;3;A
2067;6197.886690;11.106;V;3;A
2068;6200.886753;11.1;V;3;A
2069;6203.886928;11.095;V;3;A
2070;6206.886978;11.09;V;3;A
2071;6209.887080;11.085;V;3;A
2072;6212.886154;11.08;V;3;A
2073;6215.886227;11.074;V;3;A
2074;6218.886381;11.068;V;3;A
2075;6221.886485;11.063;V;3;A
2076;6224.888626;11.057;V;3;A
2077;6227.886788;11.052;V;3;A
2078;6230.885802;11.046;V;3;A
2079;6233.885914;11.041;V;3;A
2080;6236.886038;11.036;V;3;A
2081;6239.886207;11.03;V;3;A
2082;6242.886347;11.025;V;3;A
2083;6245.886456;11.02;V;3;A
2084;6248.885502;11.014;V;3;A
2085;6251.885632;11.009;V;3;A
2086;6254.885747;11.004;V;3;A
2087;6257.885842;10.999;V;3;A
2088;6260.885359;10.993;V;3;A
2089;6263.885617;10.987;V;3;A
2090;6266.885537;10.982;V;3;A
2091;6269.885695;10.977;V;3;A
2092;6272.885791;10.97;V;3;A
2093;6275.884862;10.966;V;3;A
2094;6278.884968;10.96;V;3;A
2095;6281.885144;10.955;V;3;A
2096;6284.886638;10.949;V;3;A
2097;6287.886350;10.944;V;3;A
2098;6290.885625;10.939;V;3;A
2099;6293.884541;10.933;V;3;A
2100;6296.884423;10.928;V;3;A
2101;6299.884528;10.922;V;3;A
2102;6302.886981;10.916;V;3;A
2103;6305.884944;10.911;V;3;A
2104;6308.884877;10.906;V;3;A
2105;6311.886356;10.9;V;3;A
2106;6314.884124;10.896;V;3;A
2107;6317.885694;10.89;V;3;A
2108;6320.885776;10.885;V;3;A
2109;6323.904002;10.879;V;3;A
2110;6326.885463;10.874;V;3;A
2111;6329.901187;10.869;V;3;A
2112;6332.900031;10.864;V;3;A
2113;6335.898907;10.858;V;3;A
2114;6338.885090;10.853;V;3;A
2115;6341.885350;10.847;V;3;A
2116;6344.883970;10.842;V;3;A
2117;6347.885481;10.836;V;3;A
2118;6350.884258;10.831;V;3;A
2119;6353.883371;10.825;V;3;A
2120;6356.885361;10.82;V;3;A
2121;6359.884082;10.814;V;3;A
2122;6362.891961;10.809;V;3;A
2123;6365.896918;10.803;V;3;A
2124;6368.883090;10.797;V;3;A
2125;6371.884464;10.791;V;3;A
2126;6374.883418;10.786;V;3;A
2127;6377.883363;10.78;V;3;A
2128;6380.884817;10.773;V;3;A
2129;6383.883604;10.768;V;3;A
2130;6386.886155;10.762;V;3;A
2131;6389.884116;10.755;V;3;A
2132;6392.884975;10.749;V;3;A
2133;6395.889464;10.743;V;3;A
2134;6398.884491;10.735;V;3;A
2135;6401.883301;10.729;V;3;A
2136;6404.885527;10.722;V;3;A
2137;6407.882435;10.715;V;3;A
2138;6410.883855;10.708;V;3;A
2139;6413.884131;10.7;V;3;A
2140;6416.882733;10.693;V;3;A
2141;6419.884274;10.686;V;3;A
2142;6422.881982;10.678;V;3;A
2143;6425.883411;10.67;V;3;A
2144;6428.882227;10.662;V;3;A
2145;6431.883642;10.654;V;3;A
2146;6434.882408;10.645;V;3;A
2147;6437.881878;10.636;V;3;A
2148;6440.882054;10.627;V;3;A
2149;6443.883549;10.619;V;3;A
2150;6446.883582;10.609;V;3;A
2151;6449.884073;10.6;V;3;A
2152;6452.882714;10.589;V;3;A
2153;6455.901082;10.579;V;3;A
2154;6458.882978;10.569;V;3;A
2155;6461.881834;10.559;V;3;A
2156;6464.890914;10.549;V;3;A
2157;6467.883346;10.538;V;3;A
2158;6470.882536;10.527;V;3;A
2159;6473.882512;10.515;V;3;A
2160;6476.882378;10.503;V;3;A
2161;6479.881117;10.491;V;3;A
2162;6482.882535;10.48;V;3;A
2163;6485.882676;10.468;V;3;A
